id,category_id,question,choice_1,choice_2,choice_3,choice_4,choice_5,choice_6,answer,explanation,image,fixed_order
prefectures-001,prefectures,日本で面積が最も大きい都道府県は？,岩手県,北海道,福島県,長野県,,,2,北海道は約 8.3 万 km² で、2 位の岩手県の 5 倍以上の広さがあります。,,
prefectures-002,prefectures,日本で面積が最も小さい都道府県は？,大阪府,東京都,香川県,沖縄県,,,3,最も小さいのは香川県で、2 番目に小さいのは大阪府です。,,
prefectures-003,prefectures,海に面していない県（内陸県）はどれ？,千葉県,静岡県,三重県,栃木県,,,4,内陸県は栃木・群馬・埼玉・山梨・長野・岐阜・滋賀・奈良の 8 県です。,,
prefectures-004,prefectures,「うどん県」を名乗って観光 PR をしている県は？,香川県,秋田県,群馬県,徳島県,,,1,香川県は讃岐うどんにちなみ「うどん県」として PR しています。,,
prefectures-005,prefectures,県庁所在地が「松江市」の県は？,鳥取県,島根県,愛媛県,山口県,,,2,松江市は島根県の県庁所在地で、国宝の松江城があります。,,
prefectures-006,prefectures,県庁所在地が「前橋市」の県は？,栃木県,茨城県,群馬県,埼玉県,,,3,,,
prefectures-007,prefectures,都道府県の数は全部でいくつ？,45,47,48,50,,,2,1 都（東京）・1 道（北海道）・2 府（大阪・京都）・43 県の合計 47 です。,,
prefectures-008,prefectures,沖縄県の県庁所在地は？,沖縄市,名護市,浦添市,那覇市,,,4,,,
nature-001,nature,日本で最も高い山は？,富士山,北岳,奥穂高岳,槍ヶ岳,,,1,"富士山の標高は 3,776m。2 位は南アルプスの北岳（3,193m）です。",,
nature-002,nature,日本で最も長い川は？,利根川,信濃川,石狩川,北上川,,,2,信濃川（約 367km）が最長で、2 位は利根川（約 322km）です。,,
nature-003,nature,流域面積が日本で最も広い川は？,信濃川,石狩川,利根川,淀川,,,3,"利根川の流域面積は約 16,840km² で日本最大です。",,
nature-004,nature,日本で最も大きい湖は？,霞ヶ浦,サロマ湖,猪苗代湖,琵琶湖,,,4,琵琶湖は滋賀県にあり、県の面積の約 6 分の 1 を占めます。,,
nature-005,nature,日本で最も深い湖は？,田沢湖,支笏湖,十和田湖,摩周湖,,,1,秋田県の田沢湖は最大水深 423.4m で日本一深い湖です。,,
nature-006,nature,「北アルプス」の正式な山脈名は？,木曽山脈,飛騨山脈,赤石山脈,奥羽山脈,,,2,北アルプスは飛騨山脈、中央アルプスは木曽山脈、南アルプスは赤石山脈です。,,
nature-007,nature,「坂東太郎」の異名を持つ川は？,筑後川,吉野川,利根川,信濃川,,,3,坂東太郎（利根川）・筑紫次郎（筑後川）・四国三郎（吉野川）をあわせて日本三大暴れ川と呼びます。,,
heritage-001,heritage,1993 年に日本で初めて世界遺産に登録されたものは？,富士山,日光の社寺,厳島神社,姫路城,,,4,1993 年に法隆寺地域の仏教建造物・姫路城・屋久島・白神山地の 4 件が登録されました。,,
heritage-002,heritage,「白川郷・五箇山の合掌造り集落」は岐阜県とどの県にまたがる？,富山県,石川県,福井県,長野県,,,1,白川郷は岐阜県、五箇山は富山県にあります。,,
heritage-003,heritage,世界遺産「厳島神社」がある県は？,山口県,広島県,岡山県,島根県,,,2,,,
heritage-004,heritage,富士山は世界遺産のどの区分で登録された？,自然遺産,複合遺産,文化遺産,,,,3,2013 年に「富士山－信仰の対象と芸術の源泉」として文化遺産に登録されました。,,
heritage-005,heritage,世界遺産「石見銀山遺跡とその文化的景観」がある県は？,鳥取県,山口県,兵庫県,島根県,,,4,,,
heritage-006,heritage,世界自然遺産「知床」がある都道府県は？,北海道,青森県,秋田県,岩手県,,,1,知床は 2005 年に世界自然遺産に登録されました。,,
heritage-007,heritage,次のうち、日本の世界自然遺産に登録されているものは？,屋久島,白神山地,小笠原諸島,上記すべて,,,4,屋久島と白神山地は 1993 年、小笠原諸島は 2011 年に登録されました。,,1
